"Date(UTC)","OrderNo","Pair","Type","Side","Order Price","Order Amount","Time","Executed","Average Price","Trading total","Status","CAD Value"
"2023-09-25 02:05:49","3706897346","ETHBTC","Limit","BUY","0.06027","0.5272ETH","2023-09-25 02:05:49","0.5272ETH","0.06026999","0.03177434BTC","FILLED","Price Unavailable"
"2023-09-25 02:04:56","3706897222","ETHBTC","Limit","BUY","0.06026","0.5273ETH","2023-09-25 02:05:36","0ETH","0","0BTC","CANCELED","Price Unavailable"
"2023-09-25 02:03:44","3706896668","ETHBTC","Limit","SELL","0.06026","0.3717ETH","2023-09-25 02:03:44","0.3717ETH","0.06025999","0.02239864BTC","FILLED","Price Unavailable"
"2023-09-25 02:02:33","447712715","LTCETH","Limit","SELL","0.04049","0.405LTC","2023-09-25 02:02:33","0.405LTC","0.04049","0.01639845ETH","FILLED","Price Unavailable"
"2023-09-25 02:02:05","480912167","DOGEBTC","Limit","SELL","0.00000232","477DOGE","2023-09-25 02:02:05","477DOGE","0.00000232","0.00110664BTC","FILLED","Price Unavailable"
"2023-09-25 02:01:06","188921499","HBARBTC","Limit","SELL","0.00000191","1254HBAR","2023-09-25 02:01:06","1254HBAR","0.00000191","0.00239514BTC","FILLED","Price Unavailable"
"2023-09-25 02:00:36","346661379","XMRETH","Limit","SELL","0.09104","0.591XMR","2023-09-25 02:00:36","0.591XMR","0.09104","0.05380464ETH","FILLED","Price Unavailable"
"2023-09-25 01:54:08","702011913","BNBETH","Limit","SELL","0.1321","0.197BNB","2023-09-25 01:54:08","0.197BNB","0.1321","0.0260237ETH","FILLED","Price Unavailable"
"2023-09-25 01:52:56","103270034","APEETH","Limit","SELL","0.000703","7.802APE","2023-09-25 01:52:56","7.802APE","0.000703","0.0054848ETH","FILLED","Price Unavailable"
"2023-09-25 01:52:17","319067858","THETAETH","Limit","SELL","0.0003992","5THETA","2023-09-25 01:52:17","5THETA","0.0003997","0.0019985ETH","FILLED","Price Unavailable"
"2023-09-25 01:51:54","87370664","RNDRBTC","Limit","SELL","0.0000592","11.66RNDR","2023-09-25 01:51:54","11.66RNDR","0.0000593","0.00069142BTC","FILLED","Price Unavailable"
"2023-09-25 01:51:33","108746537","SOLETH","Limit","SELL","0.01225","1.06SOL","2023-09-25 01:51:33","1.06SOL","0.01227","0.0130062ETH","FILLED","Price Unavailable"
"2023-09-25 01:51:20","112230863","DOTETH","Limit","SELL","0.002539","5.37DOT","2023-09-25 01:51:28","5.37DOT","0.002539","0.01363443ETH","FILLED","Price Unavailable"
"2023-09-25 01:51:04","556381876","ADAETH","Limit","SELL","0.0001545","96.7ADA","2023-09-25 01:51:04","96.7ADA","0.0001545","0.01494015ETH","FILLED","Price Unavailable"
"2023-09-25 01:50:43","447711995","LTCETH","Limit","SELL","0.04051","0.405LTC","2023-09-25 02:00:42","0LTC","0","0ETH","CANCELED","Price Unavailable"
"2023-09-25 01:50:16","82120761","SHIBDOGE","Limit","SELL","0.0001208","3949447SHIB","2023-09-25 01:56:10","3949447SHIB","0.0001208","477.0931976DOGE","FILLED","Price Unavailable"
"2023-09-25 01:48:46","480911273","DOGEBTC","Limit","SELL","0.00000232","500DOGE","2023-09-25 01:48:46","500DOGE","0.00000232","0.00116BTC","FILLED","Price Unavailable"
"2023-09-25 01:48:29","831836233","BCHBTC","Limit","SELL","0.00784","0.2BCH","2023-09-25 01:57:12","0.2BCH","0.00784","0.001568BTC","FILLED","Price Unavailable"
"2023-09-25 01:48:10","623219241","LINKETH","Limit","SELL","0.004536","6.48LINK","2023-09-25 01:48:10","6.48LINK","0.004537","0.02939976ETH","FILLED","Price Unavailable"
"2023-09-25 01:47:51","188920788","HBARBTC","Limit","SELL","0.00000192","1254HBAR","2023-09-25 02:00:42","0HBAR","0","0BTC","CANCELED","Price Unavailable"
"2023-09-25 01:47:00","143736356","QNTBTC","Limit","SELL","0.003367","0.736QNT","2023-09-25 01:47:00","0.736QNT","0.00337","0.00248032BTC","FILLED","Price Unavailable"
"2023-09-25 01:46:01","346660643","XMRETH","Limit","SELL","0.09119","0.591XMR","2023-09-25 01:59:23","0XMR","0","0ETH","CANCELED","Price Unavailable"
"2023-09-25 01:45:04","346660625","XMRETH","Limit","SELL","0.09119","0.591XMR","2023-09-25 01:45:38","0XMR","0","0ETH","CANCELED","Price Unavailable"
"2023-09-25 01:44:46","610673200","XRPETH","Limit","SELL","0.0003171","503XRP","2023-09-25 01:44:46","503XRP","0.0003171","0.1595013ETH","FILLED","Price Unavailable"
"2023-07-12 01:14:29","328003193","RNDRUSDT","Limit","BUY","2.018","11.66RNDR","2023-07-12 01:14:40","11.66RNDR","2.018","23.52988USDT","FILLED","Price Unavailable"
"2023-07-12 01:13:49","328002553","RNDRUSDT","Limit","BUY","2.017","11.67RNDR","2023-07-12 01:14:23","0RNDR","0","0USDT","CANCELED","Price Unavailable"
"2023-07-12 01:12:47","328001414","RNDRUSDT","Limit","BUY","2.017","11.67RNDR","2023-07-12 01:13:38","0RNDR","0","0USDT","CANCELED","Price Unavailable"
"2023-07-12 01:09:39","327999329","RNDRUSDT","Limit","BUY","2.012","11.7RNDR","2023-07-12 01:12:40","0RNDR","0","0USDT","CANCELED","Price Unavailable"
"2023-07-12 01:08:33","13841060634","ETHUSDT","Limit","SELL","1883.44","0.0125ETH","2023-07-12 01:08:42","0.0125ETH","1883.44","23.543USDT","FILLED","Price Unavailable"
"2023-04-30 23:15:17","75795152","SHIBDOGE","Limit","BUY","0.0001266","3949447SHIB","2023-04-30 23:36:46","3949447SHIB","0.0001266","499.9999902DOGE","FILLED","Price Unavailable"
"2023-04-30 23:13:38","124088981","QNTBTC","Limit","BUY","0.00395","0.736QNT","2023-04-30 23:16:23","0.736QNT","0.00395","0.0029072BTC","FILLED","Price Unavailable"
"2023-04-30 23:05:57","175503360","HBARBTC","Limit","BUY","0.00000218","888HBAR","2023-04-30 23:05:57","888HBAR","0.00000218","0.00193584BTC","FILLED","Price Unavailable"
"2023-04-30 23:03:54","346117423","QTUMBTC","Limit","BUY","0.000097","30QTUM","2023-04-30 23:07:30","0QTUM","0","0BTC","CANCELED","Price Unavailable"
"2023-04-30 23:00:35","346117307","QTUMBTC","Limit","BUY","0.000097","49.9QTUM","2023-04-30 23:03:54","0QTUM","0","0BTC","CANCELED","Price Unavailable"
"2023-04-30 22:49:39","1150914507","XRPBTC","Limit","BUY","0.00001609","195XRP","2023-04-30 22:52:46","195XRP","0.00001609","0.00313755BTC","FILLED","Price Unavailable"
"2023-04-30 22:47:43","463014392","DOGEBTC","Limit","BUY","0.00000272","1000DOGE","2023-04-30 22:56:38","1000DOGE","0.00000272","0.00272BTC","FILLED","Price Unavailable"
"2023-04-30 22:45:16","346116734","QTUMBTC","Limit","BUY","0.0000967","50QTUM","2023-04-30 23:00:25","0QTUM","0","0BTC","CANCELED","Price Unavailable"
"2023-04-30 22:43:59","1676825235","BNBBTC","Limit","BUY","0.011482","0.2BNB","2023-04-30 22:43:59","0.2BNB","0.011482","0.0022964BTC","FILLED","Price Unavailable"
"2022-03-29 23:45:10","1401109978","BNBBTC","Limit","BUY","0.009153","0.209BNB","2022-03-29 23:45:10","0.209BNB","0.00915297","0.00191297BTC","FILLED","Price Unavailable"
"2022-03-27 23:01:47","111716956","APEUSDT","Limit","BUY","14.1521","3.67APE","2022-03-27 23:01:56","3.67APE","14.1521","51.938207USDT","FILLED","Price Unavailable"
"2022-03-27 22:59:43","111711381","APEUSDT","Limit","BUY","14.1362","3.67APE","2022-03-27 23:01:38","0APE","0","0USDT","CANCELED","Price Unavailable"
"2022-03-27 22:57:11","2784011264","LTCUSDT","Limit","SELL","128.3","0.404LTC","2022-03-27 22:58:45","0.404LTC","128.3","51.8332USDT","FILLED","Price Unavailable"
"2022-03-20 18:16:00","47691477","APEUSDT","Limit","BUY","10.3","3.44APE","2022-03-20 18:16:11","3.44APE","10.3","35.432USDT","FILLED","Price Unavailable"
"2022-03-20 18:14:55","2749450972","BCHUSDT","Limit","SELL","317.4","0.11BCH","2022-03-20 18:14:55","0.11BCH","317.4","34.914USDT","FILLED","Price Unavailable"
"2022-03-20 18:11:50","8327114576","ETHUSDT","Limit","SELL","2835","0.02ETH","2022-03-20 18:12:21","0ETH","0","0USDT","CANCELED","Price Unavailable"
"2022-02-22 19:32:22","4071023405","XRPUSDT","Limit","BUY","0.7027","34XRP","2022-02-22 19:32:23","34XRP","0.7027","23.8918USDT","FILLED","Price Unavailable"
"2022-02-22 19:28:32","7967775278","ETHUSDT","Limit","SELL","2600.84","0.0094ETH","2022-02-22 19:28:32","0.0094ETH","2601.34","24.452596USDT","FILLED","Price Unavailable"
"2022-02-22 03:54:27","462474654","HBARUSDT","Limit","BUY","0.1964","366HBAR","2022-02-22 03:54:27","366HBAR","0.1964","71.8824USDT","FILLED","Price Unavailable"
"2022-02-22 03:53:49","7955693066","ETHUSDT","Limit","SELL","2519","0.0285ETH","2022-02-22 03:53:49","0.0285ETH","2519.57","71.807745USDT","FILLED","Price Unavailable"
"2022-02-22 00:04:31","2718012122","DOTUSDT","Limit","BUY","16.2","2.46DOT","2022-02-22 00:04:31","2.46DOT","16.2","39.852USDT","FILLED","Price Unavailable"
"2022-02-22 00:03:12","7952222277","ETHUSDT","Limit","SELL","2575.32","0.0155ETH","2022-02-22 00:03:59","0.0155ETH","2575.32","39.91746USDT","FILLED","Price Unavailable"
"2022-02-22 00:01:38","4065859960","XRPUSDT","Limit","BUY","0.705","142XRP","2022-02-22 00:01:43","142XRP","0.705","100.11USDT","FILLED","Price Unavailable"
"2022-02-22 00:01:02","7952187563","ETHUSDT","Limit","SELL","2575","0.0389ETH","2022-02-22 00:01:02","0.0389ETH","2575.33","100.180337USDT","FILLED","Price Unavailable"
"2022-02-14 05:20:55","2694168821","DOTUSDT","Limit","BUY","18.16","1.61DOT","2022-02-14 05:20:55","1.61DOT","18.16","29.2376USDT","FILLED","Price Unavailable"
"2022-02-14 05:18:00","1040927175","XMRUSDT","Limit","BUY","169","0.591XMR","2022-02-14 05:18:00","0.591XMR","169","99.879USDT","FILLED","Price Unavailable"
"2022-02-14 05:16:21","2720056676","LTCUSDT","Limit","BUY","123.6","0.809LTC","2022-02-14 05:16:21","0.809LTC","123.6","99.9924USDT","FILLED","Price Unavailable"
"2022-02-14 05:13:05","2695979129","BCHUSDT","Limit","BUY","322.3","0.31BCH","2022-02-14 05:13:55","0.31BCH","322.3","99.913USDT","FILLED","Price Unavailable"
"2022-02-14 05:11:22","3220545467","LINKUSDT","Limit","BUY","15.41","6.48LINK","2022-02-14 05:11:22","6.48LINK","15.41","99.8568USDT","FILLED","Price Unavailable"
"2022-02-14 05:08:31","4022114106","XRPUSDT","Limit","BUY","0.795","65XRP","2022-02-14 05:08:47","65XRP","0.795","51.675USDT","FILLED","Price Unavailable"
"2022-02-14 05:06:53","4022109653","XRPUSDT","Limit","BUY","0.794","90XRP","2022-02-14 05:07:45","26XRP","0.794","20.644USDT","PARTIALLY_FILLED","Price Unavailable"
"2022-02-14 05:04:49","2954675815","ADAUSDT","Limit","BUY","1.033","66.7ADA","2022-02-14 05:05:53","66.7ADA","1.033","68.9011USDT","FILLED","Price Unavailable"
"2022-02-14 05:02:34","2153795372","SOLUSDT","Limit","BUY","93.81","1.06SOL","2022-02-14 05:03:19","1.06SOL","93.81","99.4386USDT","FILLED","Price Unavailable"
"2022-02-14 05:00:02","7838782498","ETHUSDT","Limit","SELL","2866","0.2336ETH","2022-02-14 05:00:02","0.2336ETH","2866.46","669.605056USDT","FILLED","Price Unavailable"
"2021-04-29 00:48:19","2287107124","XRPUSDT","Limit","BUY","1.355","11.66XRP","2021-04-29 00:48:36","11.66XRP","1.355","15.7993USDT","FILLED","Price Unavailable"
"2021-04-29 00:47:42","2287103811","XRPUSDT","Limit","BUY","1.353","11.68XRP","2021-04-29 00:48:10","0XRP","0","0USDT","CANCELED","Price Unavailable"
"2021-04-29 00:47:27","1375871651","ADAUSDT","Limit","SELL","1.33","11.77ADA","2021-04-29 00:47:27","11.77ADA","1.33057689","15.66089USDT","FILLED","Price Unavailable"
"2021-04-19 22:06:46","2190640865","XRPUSDT","Limit","BUY","1.36242","23.7XRP","2021-04-19 22:06:46","23.7XRP","1.36111","32.258307USDT","FILLED","Price Unavailable"
"2021-04-19 22:06:28","644951287","THETAUSDT","Limit","SELL","10.96916","2.9THETA","2021-04-19 22:06:28","2.9THETA","10.97522","31.828138USDT","FILLED","Price Unavailable"
"2021-03-26 17:42:50","538494819","THETAUSDT","Limit","BUY","12.3471","4.1THETA","2021-03-26 17:42:50","4.1THETA","12.33867","50.588547USDT","FILLED","Price Unavailable"
"2021-03-26 17:42:34","1187986405","ADAUSDT","Limit","SELL","1.22665","41.6ADA","2021-03-26 17:42:34","41.6ADA","1.22797","51.083552USDT","FILLED","Price Unavailable"
"2021-03-11 18:51:32","480754190","THETAUSDT","Limit","BUY","7.75873","3.8THETA","2021-03-11 18:51:32","3.8THETA","7.75873","29.483174USDT","FILLED","Price Unavailable"
"2021-03-11 18:49:53","682814524","DOTUSDT","Limit","SELL","37.4229","1.04DOT","2021-03-11 18:51:12","0.79DOT","37.4229","29.564091USDT","PARTIALLY_FILLED","Price Unavailable"
"2021-03-08 22:41:11","666916485","DOTUSDT","Limit","BUY","34.3487","2.1DOT","2021-03-08 22:41:11","2.1DOT","34.3487","72.13227USDT","FILLED","Price Unavailable"
"2021-03-08 19:04:40","471938989","THETAUSDT","Stop-Limit","SELL","4.95","14.6THETA","2021-03-08 19:06:44","14.6THETA","4.95","72.27USDT","FILLED","Price Unavailable"
"2021-03-02 05:17:01","454846754","THETAUSDT","Limit","BUY","3.404","14.7THETA","2021-03-02 05:17:01","14.7THETA","3.40209","50.010723USDT","FILLED","Price Unavailable"
"2021-03-02 05:16:22","1047388699","ADAUSDT","Limit","SELL","1.223","41ADA","2021-03-02 05:16:26","41ADA","1.223","50.143USDT","FILLED","Price Unavailable"
"2021-02-27 01:39:08","1020587860","ADAUSDT","Market","BUY","0","124.5ADA","2021-02-27 01:39:08","124.5ADA","1.25625","156.403125USDT","FILLED","Price Unavailable"
"2021-02-27 01:38:52","1020586455","ADAUSDT","Limit","BUY","1.25418","124.7ADA","2021-02-27 01:39:01","0ADA","0","0USDT","CANCELED","Price Unavailable"
"2021-02-27 01:38:25","3162742017","ETHUSDT","Market","SELL","0","0.10481ETH","2021-02-27 01:38:25","0.10481ETH","1494.39804599","156.6278592USDT","FILLED","Price Unavailable"
"2021-02-21 23:08:54","3086104654","ETHUSDT","Limit","BUY","1931.77","0.10492ETH","2021-02-21 23:08:54","0.10492ETH","1931.75","202.67921USDT","FILLED","Price Unavailable"
"2021-02-21 06:15:43","455122233","ONTUSDT","Stop-Limit","SELL","1.44","140.9ONT","2021-02-21 06:21:41","140.9ONT","1.44","202.896USDT","FILLED","Price Unavailable"
"2021-02-21 06:15:43","455122234","ONTUSDT","Limit-Maker","SELL","1.48","140.9ONT","2021-02-21 06:21:41","0ONT","0","0USDT","EXPIRED","Price Unavailable"
"2021-02-21 06:12:56","455115477","ONTUSDT","Limit","BUY","1.465","141.05ONT","2021-02-21 06:13:17","141.05ONT","1.465","206.63825USDT","FILLED","Price Unavailable"
"2021-02-20 18:10:45","64803667","BEAMUSDT","Limit","BUY","0.797","129.63BEAM","2021-02-20 18:13:08","0BEAM","0","0USDT","CANCELED","Price Unavailable"
"2021-02-20 18:04:41","64800942","BEAMUSDT","Limit","BUY","0.795","129.96BEAM","2021-02-20 18:05:31","0BEAM","0","0USDT","CANCELED","Price Unavailable"
"2021-02-19 22:31:26","120900140","NANOUSDT","Limit-Maker","SELL","7.33","28.21NANO","2021-02-20 11:07:52","28.21NANO","7.33","206.7793USDT","FILLED","Price Unavailable"
"2021-02-19 22:31:26","120900139","NANOUSDT","Stop-Limit","SELL","7","28.21NANO","2021-02-20 11:07:52","0NANO","0","0USDT","EXPIRED","Price Unavailable"
"2021-02-19 22:25:39","120894867","NANOUSDT","Limit","BUY","7.15","14.15NANO","2021-02-19 22:25:40","14.15NANO","7.15","101.1725USDT","FILLED","Price Unavailable"
"2021-02-19 22:23:41","120894043","NANOUSDT","Limit","BUY","7.1681","14.09NANO","2021-02-19 22:24:05","14.09NANO","7.1681","100.998529USDT","FILLED","Price Unavailable"
"2021-02-19 22:19:56","161850937","SXPUSDT","Limit","BUY","3.2","63.199SXP","2021-02-19 22:22:31","0SXP","0","0USDT","CANCELED","Price Unavailable"
"2021-02-19 22:09:01","161841843","SXPUSDT","Stop-Limit","SELL","3.19","63.46SXP","2021-02-19 22:18:25","63.46SXP","3.19","202.4374USDT","FILLED","Price Unavailable"
"2021-02-19 22:06:43","161839328","SXPUSDT","Limit","BUY","3.22","63.524SXP","2021-02-19 22:06:46","63.524SXP","3.22","204.54728USDT","FILLED","Price Unavailable"
"2021-02-19 13:28:13","511392028","DASHUSDT","Limit","BUY","316.5","0.32314DASH","2021-02-19 13:29:18","0DASH","0","0USDT","CANCELED","Price Unavailable"
"2021-02-18 23:50:38","297489832","DOGEUSDT","Limit-Maker","SELL","0.0599","3418DOGE","2021-02-18 23:53:14","3418DOGE","0.0599","204.7382USDT","FILLED","Price Unavailable"
"2021-02-18 23:50:38","297489831","DOGEUSDT","Stop-Limit","SELL","0.0591","3418DOGE","2021-02-18 23:52:54","0DOGE","0","0USDT","EXPIRED","Price Unavailable"
"2021-02-18 23:47:49","297479172","DOGEUSDT","Limit-Maker","SELL","0.0603","3418DOGE","2021-02-18 23:50:34","0DOGE","0","0USDT","CANCELED","Price Unavailable"
"2021-02-18 23:47:49","297479171","DOGEUSDT","Stop-Limit","SELL","0.0591","3418DOGE","2021-02-18 23:50:34","0DOGE","0","0USDT","CANCELED","Price Unavailable"
"2021-02-18 23:45:44","297469356","DOGEUSDT","Limit","BUY","0.0597","3422DOGE","2021-02-18 23:46:21","3422DOGE","0.0597","204.2934USDT","FILLED","Price Unavailable"
"2021-02-18 23:45:17","297467054","DOGEUSDT","Limit","BUY","0.0595","3433DOGE","2021-02-18 23:45:41","0DOGE","0","0USDT","CANCELED","Price Unavailable"
"2021-02-18 23:36:02","297426521","DOGEUSDT","Limit","BUY","0.06","3405DOGE","2021-02-18 23:36:23","0DOGE","0","0USDT","CANCELED","Price Unavailable"
"2021-02-18 18:51:51","120183550","NANOUSDT","Stop-Limit","SELL","6.9","28.96NANO","2021-02-18 19:30:21","0NANO","0","0USDT","EXPIRED","Price Unavailable"
"2021-02-18 18:51:51","120183551","NANOUSDT","Limit-Maker","SELL","7.06","28.96NANO","2021-02-18 19:30:21","28.96NANO","7.06","204.4576USDT","FILLED","Price Unavailable"
"2021-02-18 18:48:03","120181739","NANOUSDT","Limit","BUY","6.9801","28.99NANO","2021-02-18 18:49:39","28.99NANO","6.9801","202.353099USDT","FILLED","Price Unavailable"
"2021-02-17 22:12:40","336050852","IOSTUSDT","Stop-Limit","SELL","0.04039","4905IOST","2021-02-17 22:14:38","0IOST","0","0USDT","EXPIRED","Price Unavailable"
"2021-02-17 22:12:40","336050853","IOSTUSDT","Limit-Maker","SELL","0.0413","4905IOST","2021-02-17 22:14:38","4905IOST","0.0413","202.5765USDT","FILLED","Price Unavailable"
"2021-02-17 22:09:24","336047796","IOSTUSDT","Limit","BUY","0.0408","4910IOST","2021-02-17 22:10:57","4910IOST","0.0408","200.328USDT","FILLED","Price Unavailable"
"2021-02-17 04:16:00","119074752","NANOUSDT","Stop-Limit","SELL","5.9999","33.42NANO","2021-02-17 04:29:29","33.42NANO","5.9999","200.516658USDT","FILLED","Price Unavailable"
"2021-02-17 04:16:00","119074753","NANOUSDT","Limit-Maker","SELL","6.2099","33.42NANO","2021-02-17 04:28:53","0NANO","0","0USDT","EXPIRED","Price Unavailable"
"2021-02-17 04:13:13","119073510","NANOUSDT","Limit","BUY","6.064","33.45NANO","2021-02-17 04:13:45","33.45NANO","6.064","202.8408USDT","FILLED","Price Unavailable"
"2021-02-17 02:43:41","1492591114","EOSUSDT","Stop-Limit","SELL","4.5599","44.48EOS","2021-02-17 03:14:25","44.48EOS","4.56","202.8288USDT","FILLED","Price Unavailable"
"2021-02-17 02:43:41","1492591115","EOSUSDT","Limit-Maker","SELL","4.655","44.48EOS","2021-02-17 03:14:25","0EOS","0","0USDT","EXPIRED","Price Unavailable"
"2021-02-17 01:30:44","1492301171","EOSUSDT","Limit-Maker","SELL","4.66","44.48EOS","2021-02-17 02:43:32","0EOS","0","0USDT","CANCELED","Price Unavailable"
"2021-02-17 01:30:44","1492301170","EOSUSDT","Stop-Limit","SELL","4.5599","44.48EOS","2021-02-17 02:43:32","0EOS","0","0USDT","CANCELED","Price Unavailable"
"2021-02-17 01:25:00","1492276670","EOSUSDT","Limit","BUY","4.616","44.53EOS","2021-02-17 01:25:00","44.53EOS","4.6104","205.301112USDT","FILLED","Price Unavailable"
"2021-02-17 01:06:32","668173637","XLMUSDT","Limit-Maker","SELL","0.4848","427XLM","2021-02-17 01:06:59","0XLM","0","0USDT","EXPIRED","Price Unavailable"
"2021-02-17 01:06:32","668173636","XLMUSDT","Stop-Limit","SELL","0.472","427XLM","2021-02-17 01:06:59","427XLM","0.4817947","205.726338USDT","FILLED","Price Unavailable"
"2021-02-17 01:02:22","668161381","XLMUSDT","Limit-Maker","SELL","0.4848","427XLM","2021-02-17 01:06:26","0XLM","0","0USDT","CANCELED","Price Unavailable"
"2021-02-17 01:02:22","668161380","XLMUSDT","Stop-Limit","SELL","0.4758","427XLM","2021-02-17 01:06:26","0XLM","0","0USDT","CANCELED","Price Unavailable"
"2021-02-17 01:01:03","668156607","XLMUSDT","Stop-Limit","SELL","0.4758","427XLM","2021-02-17 01:01:08","0XLM","0","0USDT","CANCELED","Price Unavailable"
"2021-02-17 01:01:03","668156608","XLMUSDT","Limit-Maker","SELL","0.4848","427XLM","2021-02-17 01:01:08","0XLM","0","0USDT","CANCELED","Price Unavailable"
"2021-02-17 00:59:49","668151543","XLMUSDT","Limit-Maker","SELL","0.4848","427XLM","2021-02-17 01:00:35","0XLM","0","0USDT","CANCELED","Price Unavailable"
"2021-02-17 00:59:49","668151542","XLMUSDT","Stop-Limit","SELL","0.4758","427XLM","2021-02-17 01:00:35","0XLM","0","0USDT","CANCELED","Price Unavailable"
"2021-02-17 00:56:10","668141903","XLMUSDT","Limit","BUY","0.48","213.6XLM","2021-02-17 00:56:53","213.6XLM","0.48","102.528USDT","FILLED","Price Unavailable"
"2021-02-17 00:55:22","668140101","XLMUSDT","Limit","BUY","0.479","213.9XLM","2021-02-17 00:57:45","213.9XLM","0.479","102.4581USDT","FILLED","Price Unavailable"
"2021-02-17 00:55:00","668138982","XLMUSDT","Limit","BUY","0.4788","214.1XLM","2021-02-17 00:56:04","0XLM","0","0USDT","CANCELED","Price Unavailable"
"2021-02-17 00:54:35","668137868","XLMUSDT","Limit","BUY","0.478","214.4XLM","2021-02-17 00:54:51","0XLM","0","0USDT","CANCELED","Price Unavailable"
"2021-02-17 00:41:52","37208330","IRISUSDT","Limit","BUY","0.15022","1364.7IRIS","2021-02-17 00:54:10","0IRIS","0","0USDT","CANCELED","Price Unavailable"
"2021-02-17 00:39:11","37206760","IRISUSDT","Limit","BUY","0.1502","1364.8IRIS","2021-02-17 00:41:47","0IRIS","0","0USDT","CANCELED","Price Unavailable"
"2021-02-16 23:58:44","1502484877","LINKUSDT","Limit","BUY","31.935","3.21LINK","2021-02-17 00:00:06","0LINK","0","0USDT","CANCELED","Price Unavailable"
"2021-02-15 22:32:46","118215919","NANOUSDT","Stop-Limit","SELL","4.939","30.21NANO","2021-02-16 01:23:22","0NANO","0","0USDT","EXPIRED","Price Unavailable"
"2021-02-15 22:32:46","118215920","NANOUSDT","Limit-Maker","SELL","6.79","30.21NANO","2021-02-16 01:23:22","30.21NANO","6.79","205.1259USDT","FILLED","Price Unavailable"
"2021-02-15 19:51:57","118124021","NANOUSDT","Limit","BUY","6.7174","30.24NANO","2021-02-15 19:51:57","30.24NANO","6.7166","203.109984USDT","FILLED","Price Unavailable"
"2021-02-14 16:12:58","1486873865","LINKUSDT","Stop-Limit","SELL","33.1999","6.12LINK","2021-02-14 16:13:23","6.12LINK","33.1999","203.183388USDT","FILLED","Price Unavailable"
"2021-02-14 16:10:12","1486858897","LINKUSDT","Market","BUY","0","6.13LINK","2021-02-14 16:10:12","6.13LINK","32.9695","202.103035USDT","FILLED","Price Unavailable"
"2021-02-13 20:49:21","1446861508","BNBUSDT","Limit","BUY","131","1.544BNB","2021-02-13 20:49:56","0BNB","0","0USDT","CANCELED","Price Unavailable"
"2021-02-13 20:40:03","1677881027","XRPUSDT","Limit-Maker","SELL","0.61599","331.6XRP","2021-02-13 20:42:24","0XRP","0","0USDT","EXPIRED","Price Unavailable"
"2021-02-13 20:40:03","1677881026","XRPUSDT","Stop-Limit","SELL","0.6098","331.6XRP","2021-02-13 20:42:24","331.6XRP","0.60988","202.236208USDT","FILLED","Price Unavailable"
"2021-02-13 20:15:10","1677742149","XRPUSDT","Stop-Limit","SELL","0.6029","331.6XRP","2021-02-13 20:39:56","0XRP","0","0USDT","CANCELED","Price Unavailable"
"2021-02-13 20:15:10","1677742150","XRPUSDT","Limit-Maker","SELL","0.61599","331.6XRP","2021-02-13 20:39:56","0XRP","0","0USDT","CANCELED","Price Unavailable"
"2021-02-13 20:13:56","1677733415","XRPUSDT","Limit","BUY","0.6099","331.9XRP","2021-02-13 20:13:56","331.9XRP","0.60921","202.196799USDT","FILLED","Price Unavailable"
"2021-02-12 16:20:09","115750506","NANOUSDT","Stop-Limit","SELL","6.4","31.64NANO","2021-02-12 16:22:49","31.64NANO","6.405","202.6542USDT","FILLED","Price Unavailable"
"2021-02-12 16:20:09","115750507","NANOUSDT","Limit-Maker","SELL","6.54","31.64NANO","2021-02-12 16:22:49","0NANO","0","0USDT","EXPIRED","Price Unavailable"
"2021-02-12 16:19:22","115749548","NANOUSDT","Limit","SELL","6.54","31.64NANO","2021-02-12 16:20:02","0NANO","0","0USDT","CANCELED","Price Unavailable"
"2021-02-12 16:17:48","115748371","NANOUSDT","Limit","BUY","6.47","31.67NANO","2021-02-12 16:18:01","31.67NANO","6.47","204.9049USDT","FILLED","Price Unavailable"
"2021-02-12 15:34:15","115718124","NANOUSDT","Limit","BUY","6.4603","31.72NANO","2021-02-12 15:36:21","0NANO","0","0USDT","CANCELED","Price Unavailable"
"2021-02-12 05:56:38","115162855","NANOUSDT","Limit","BUY","7.18","28.54NANO","2021-02-12 05:57:10","0NANO","0","0USDT","CANCELED","Price Unavailable"
"2021-02-12 05:48:50","115150315","NANOUSDT","Limit","SELL","7.199","28.49NANO","2021-02-12 05:49:16","28.49NANO","7.199","205.09951USDT","FILLED","Price Unavailable"
"2021-02-12 05:48:15","115149738","NANOUSDT","Limit","SELL","7.189","28.49NANO","2021-02-12 05:48:31","0NANO","0","0USDT","CANCELED","Price Unavailable"
"2021-02-12 05:47:22","115148556","NANOUSDT","Limit","BUY","7.12","28.52NANO","2021-02-12 05:47:53","28.52NANO","7.12","203.0624USDT","FILLED","Price Unavailable"
"2021-02-12 05:37:56","115136351","NANOUSDT","Limit","SELL","7.15","28.43NANO","2021-02-12 05:38:14","28.43NANO","7.15","203.2745USDT","FILLED","Price Unavailable"
"2021-02-12 05:34:57","115132687","NANOUSDT","Limit","SELL","7.1799","28.43NANO","2021-02-12 05:37:51","0NANO","0","0USDT","CANCELED","Price Unavailable"
"2021-02-12 05:32:50","115129816","NANOUSDT","Limit","SELL","7.18","28.43NANO","2021-02-12 05:34:54","0NANO","0","0USDT","CANCELED","Price Unavailable"
"2021-02-12 05:31:00","115127518","NANOUSDT","Limit","BUY","7.09","28.46NANO","2021-02-12 05:31:53","28.46NANO","7.09","201.7814USDT","FILLED","Price Unavailable"
"2021-02-12 05:12:53","115094650","NANOUSDT","Limit","SELL","7.3","27.42NANO","2021-02-12 05:13:02","27.42NANO","7.3","200.166USDT","FILLED","Price Unavailable"
"2021-02-12 05:07:06","115084629","NANOUSDT","Limit","BUY","7.1208","27.45NANO","2021-02-12 05:07:06","27.45NANO","7.05544146","193.671868USDT","FILLED","Price Unavailable"
"2021-02-11 13:12:43","113952075","NANOUSDT","Stop-Limit","SELL","4.8999","36.24NANO","2021-02-11 14:27:20","0NANO","0","0USDT","EXPIRED","Price Unavailable"
"2021-02-11 13:12:43","113952076","NANOUSDT","Limit-Maker","SELL","5.4","36.24NANO","2021-02-11 14:27:20","36.24NANO","5.4","195.696USDT","FILLED","Price Unavailable"
"2021-02-11 13:09:57","113948315","NANOUSDT","Limit","BUY","5.1982","36.28NANO","2021-02-11 13:09:57","36.28NANO","5.1982","188.590696USDT","FILLED","Price Unavailable"
"2021-02-11 13:09:24","113947782","NANOUSDT","Limit","BUY","5.1691","36.48NANO","2021-02-11 13:09:52","0NANO","0","0USDT","CANCELED","Price Unavailable"
"2021-02-11 13:08:02","2975830771","ETHUSDT","Limit","SELL","1786.26","0.10569ETH","2021-02-11 13:08:02","0.10569ETH","1786.26","188.7898194USDT","FILLED","Price Unavailable"
"2021-02-11 12:36:57","2975582497","ETHUSDT","Limit","BUY","1781.97","0.1058ETH","2021-02-11 12:38:47","0.1058ETH","1781.97","188.532426USDT","FILLED","Price Unavailable"
"2021-02-11 02:06:59","51334018","PNTUSDT","Stop-Limit","SELL","1.84","27.45PNT","2021-02-11 02:07:49","27.45PNT","1.84","50.508USDT","FILLED","Price Unavailable"
"2021-02-11 02:06:59","51334019","PNTUSDT","Limit-Maker","SELL","2.04","27.45PNT","2021-02-11 02:07:49","0PNT","0","0USDT","EXPIRED","Price Unavailable"
"2021-02-11 01:49:56","15933086","BTCSTUSDT","Limit-Maker","SELL","174.989","0.863BTCST","2021-02-11 02:11:09","0BTCST","0","0USDT","EXPIRED","Price Unavailable"
"2021-02-11 01:49:56","15933085","BTCSTUSDT","Stop-Limit","SELL","159.98","0.863BTCST","2021-02-11 02:11:09","0.863BTCST","159.98","138.06274USDT","FILLED","Price Unavailable"
"2021-02-11 01:41:19","15928163","BTCSTUSDT","Limit","SELL","175","0.863BTCST","2021-02-11 01:49:49","0BTCST","0","0USDT","CANCELED","Price Unavailable"
"2021-02-11 01:39:58","15927291","BTCSTUSDT","Limit","BUY","172.494","0.864BTCST","2021-02-11 01:40:34","0.864BTCST","172.494","149.034816USDT","FILLED","Price Unavailable"
"2021-02-11 01:34:52","15922956","BTCSTUSDT","Limit","BUY","171.719","0.868BTCST","2021-02-11 01:35:49","0BTCST","0","0USDT","CANCELED","Price Unavailable"
"2021-02-11 01:34:26","15922428","BTCSTUSDT","Limit","SELL","173","0.241BTCST","2021-02-11 01:34:34","0.241BTCST","173","41.693USDT","FILLED","Price Unavailable"
"2021-02-11 01:33:35","15921984","BTCSTUSDT","Market","BUY","0","0.242BTCST","2021-02-11 01:33:35","0.242BTCST","171.888","41.596896USDT","FILLED","Price Unavailable"
"2021-02-11 01:30:07","51309151","PNTUSDT","Stop-Limit","SELL","1.825","27.45PNT","2021-02-11 02:05:13","0PNT","0","0USDT","CANCELED","Price Unavailable"
"2021-02-11 01:30:07","51309152","PNTUSDT","Limit-Maker","SELL","2.0489","27.45PNT","2021-02-11 02:05:13","0PNT","0","0USDT","CANCELED","Price Unavailable"
"2021-02-11 01:26:23","24452176","ROSEUSDT","Limit","BUY","0.10929","1364.6ROSE","2021-02-11 01:27:21","0ROSE","0","0USDT","CANCELED","Price Unavailable"
"2021-02-11 01:19:47","51302161","PNTUSDT","Limit","SELL","2.0489","27.45PNT","2021-02-11 01:29:59","0PNT","0","0USDT","CANCELED","Price Unavailable"
"2021-02-11 01:15:58","51299543","PNTUSDT","Limit","SELL","2.04","27.45PNT","2021-02-11 01:19:43","0PNT","0","0USDT","CANCELED","Price Unavailable"
"2021-02-11 01:10:52","51293662","PNTUSDT","Limit","SELL","2.05","100.27PNT","2021-02-11 01:13:47","72.82PNT","2.05","149.281USDT","PARTIALLY_FILLED","Price Unavailable"
"2021-02-11 01:10:38","51293465","PNTUSDT","Limit","BUY","2.0357","100.38PNT","2021-02-11 01:10:42","100.38PNT","2.0357","204.343566USDT","FILLED","Price Unavailable"
"2021-02-11 01:09:45","51292452","PNTUSDT","Limit","BUY","2","102.17PNT","2021-02-11 01:10:34","0PNT","0","0USDT","CANCELED","Price Unavailable"
"2021-02-11 00:57:52","54598617","CTSIUSDT","Limit-Maker","SELL","0.222","914.5CTSI","2021-02-11 01:00:42","914.5CTSI","0.222","203.019USDT","FILLED","Price Unavailable"
"2021-02-11 00:57:52","54598616","CTSIUSDT","Stop-Limit","SELL","0.2129","914.5CTSI","2021-02-11 01:00:42","0CTSI","0","0USDT","EXPIRED","Price Unavailable"
"2021-02-11 00:55:30","54594982","CTSIUSDT","Limit","SELL","0.2229","914.5CTSI","2021-02-11 00:56:26","0CTSI","0","0USDT","CANCELED","Price Unavailable"
"2021-02-11 00:55:02","54593808","CTSIUSDT","Limit","BUY","0.22275","915.4CTSI","2021-02-11 00:55:02","915.4CTSI","0.22108","202.376632USDT","FILLED","Price Unavailable"
"2021-02-11 00:52:04","54590184","CTSIUSDT","Limit","BUY","0.22204","918.3CTSI","2021-02-11 00:53:08","0CTSI","0","0USDT","CANCELED","Price Unavailable"
"2021-02-11 00:51:32","54589620","CTSIUSDT","Limit","SELL","0.22304","915.1CTSI","2021-02-11 00:51:42","915.1CTSI","0.22304","204.103904USDT","FILLED","Price Unavailable"
"2021-02-11 00:50:03","54588712","CTSIUSDT","Limit","BUY","0.22204","916CTSI","2021-02-11 00:51:15","916CTSI","0.22204","203.38864USDT","FILLED","Price Unavailable"
"2021-02-11 00:49:11","54588386","CTSIUSDT","Limit","BUY","0.22202","916.1CTSI","2021-02-11 00:49:58","0CTSI","0","0USDT","CANCELED","Price Unavailable"
"2021-02-11 00:47:24","54587004","CTSIUSDT","Limit","BUY","0.222","916.2CTSI","2021-02-11 00:49:07","0CTSI","0","0USDT","CANCELED","Price Unavailable"
"2021-02-11 00:44:14","54584050","CTSIUSDT","Limit-Maker","SELL","0.239","849.2CTSI","2021-02-11 00:45:37","0CTSI","0","0USDT","EXPIRED","Price Unavailable"
"2021-02-11 00:44:14","54584049","CTSIUSDT","Stop-Limit","SELL","0.23","849.2CTSI","2021-02-11 00:45:37","849.2CTSI","0.23","195.316USDT","FILLED","Price Unavailable"
"2021-02-11 00:38:22","54576872","CTSIUSDT","Limit-Maker","SELL","0.239","849.2CTSI","2021-02-11 00:44:05","0CTSI","0","0USDT","CANCELED","Price Unavailable"
"2021-02-11 00:38:22","54576871","CTSIUSDT","Stop-Limit","SELL","0.219","849.2CTSI","2021-02-11 00:44:05","0CTSI","0","0USDT","CANCELED","Price Unavailable"
"2021-02-11 00:37:40","54575626","CTSIUSDT","Limit-Maker","SELL","0.239","849.2CTSI","2021-02-11 00:38:17","0CTSI","0","0USDT","CANCELED","Price Unavailable"
"2021-02-11 00:37:40","54575625","CTSIUSDT","Stop-Limit","SELL","0.199","849.2CTSI","2021-02-11 00:38:17","0CTSI","0","0USDT","CANCELED","Price Unavailable"
"2021-02-11 00:35:50","54571507","CTSIUSDT","Limit","BUY","0.232","850.1CTSI","2021-02-11 00:35:53","850.1CTSI","0.232","197.2232USDT","FILLED","Price Unavailable"
"2021-02-11 00:31:57","318036066","QTUMUSDT","Limit-Maker","SELL","7.615","26.995QTUM","2021-02-11 00:31:57","26.995QTUM","7.615","205.566925USDT","FILLED","Price Unavailable"
"2021-02-11 00:31:57","318036065","QTUMUSDT","Stop-Limit","SELL","7.4","26.995QTUM","2021-02-11 00:31:57","0QTUM","0","0USDT","EXPIRED","Price Unavailable"
"2021-02-11 00:30:56","318031753","QTUMUSDT","Stop-Limit","SELL","7.49","26.995QTUM","2021-02-11 00:31:54","0QTUM","0","0USDT","CANCELED","Price Unavailable"
"2021-02-11 00:11:24","317990900","QTUMUSDT","Stop-Limit","SELL","7.14","26.995QTUM","2021-02-11 00:30:49","0QTUM","0","0USDT","CANCELED","Price Unavailable"
"2021-02-11 00:08:18","317982828","QTUMUSDT","Stop-Limit","SELL","7.19","26.995QTUM","2021-02-11 00:11:12","0QTUM","0","0USDT","CANCELED","Price Unavailable"
"2021-02-11 00:02:47","317967656","QTUMUSDT","Limit","BUY","7.51","27.022QTUM","2021-02-11 00:02:52","27.022QTUM","7.51","202.93522USDT","FILLED","Price Unavailable"
"2021-02-11 00:00:23","317957567","QTUMUSDT","Limit","SELL","7.51","27.049QTUM","2021-02-11 00:00:44","27.049QTUM","7.51","203.13799USDT","FILLED","Price Unavailable"
"2021-02-10 23:59:30","317955371","QTUMUSDT","Limit","BUY","7.51","27.076QTUM","2021-02-11 00:00:02","27.076QTUM","7.51","203.34076USDT","FILLED","Price Unavailable"
"2021-02-10 23:58:41","317954214","QTUMUSDT","Limit","BUY","7.47","27.221QTUM","2021-02-10 23:59:23","0QTUM","0","0USDT","CANCELED","Price Unavailable"
"2021-02-10 23:49:35","317933160","QTUMUSDT","Limit-Maker","SELL","7.599","27.369QTUM","2021-02-10 23:49:46","0QTUM","0","0USDT","EXPIRED","Price Unavailable"
"2021-02-10 23:49:35","317933159","QTUMUSDT","Stop-Limit","SELL","7.4","27.369QTUM","2021-02-10 23:49:46","27.369QTUM","7.43","203.35167USDT","FILLED","Price Unavailable"
"2021-02-10 23:46:45","317929331","QTUMUSDT","Limit","BUY","7.51","27.396QTUM","2021-02-10 23:46:45","27.396QTUM","7.503","205.552188USDT","FILLED","Price Unavailable"
"2021-02-10 23:10:47","317838729","QTUMUSDT","Limit","BUY","7.2","28.576QTUM","2021-02-10 23:11:18","0QTUM","0","0USDT","CANCELED","Price Unavailable"
"2021-02-10 23:06:40","317834416","QTUMUSDT","Limit-Maker","SELL","7.199","28.403QTUM","2021-02-10 23:07:11","28.403QTUM","7.199","204.473197USDT","FILLED","Price Unavailable"
"2021-02-10 23:06:40","317834415","QTUMUSDT","Stop-Limit","SELL","7.048","28.403QTUM","2021-02-10 23:07:11","0QTUM","0","0USDT","EXPIRED","Price Unavailable"
"2021-02-10 23:05:14","317832588","QTUMUSDT","Limit-Maker","SELL","7.23","28.403QTUM","2021-02-10 23:06:23","0QTUM","0","0USDT","CANCELED","Price Unavailable"
"2021-02-10 23:05:14","317832587","QTUMUSDT","Stop-Limit","SELL","7.048","28.403QTUM","2021-02-10 23:06:23","0QTUM","0","0USDT","CANCELED","Price Unavailable"
"2021-02-10 23:03:44","317830703","QTUMUSDT","Limit","BUY","7.13","28.432QTUM","2021-02-10 23:03:50","28.432QTUM","7.13","202.72016USDT","FILLED","Price Unavailable"
"2021-02-10 15:19:18","1647370641","XRPUSDT","Stop-Limit","SELL","0.4895","417.1XRP","2021-02-10 15:21:57","417.1XRP","0.49","204.379USDT","FILLED","Price Unavailable"
"2021-02-10 15:19:18","1647370642","XRPUSDT","Limit-Maker","SELL","0.522","417.1XRP","2021-02-10 15:21:57","0XRP","0","0USDT","EXPIRED","Price Unavailable"
"2021-02-10 15:16:31","1647343628","XRPUSDT","Limit","BUY","0.494","417.6XRP","2021-02-10 15:16:37","417.6XRP","0.494","206.2944USDT","FILLED","Price Unavailable"
"2021-02-10 15:15:04","1647327765","XRPUSDT","Limit","BUY","0.492","419.3XRP","2021-02-10 15:16:26","0XRP","0","0USDT","CANCELED","Price Unavailable"
"2021-02-10 15:14:19","1647320863","XRPUSDT","Limit","BUY","0.49","421XRP","2021-02-10 15:15:00","0XRP","0","0USDT","CANCELED","Price Unavailable"
"2021-02-10 14:37:52","1423043221","BNBUSDT","Limit-Maker","SELL","132","1.651BNB","2021-02-10 14:49:35","0BNB","0","0USDT","EXPIRED","Price Unavailable"
"2021-02-10 14:37:52","1423043220","BNBUSDT","Stop-Limit","SELL","124.95","1.651BNB","2021-02-10 14:49:35","1.651BNB","125.05","206.45755USDT","FILLED","Price Unavailable"
"2021-02-10 14:36:13","1423024631","BNBUSDT","Limit","BUY","127.1","1.653BNB","2021-02-10 14:36:14","1.653BNB","127.1","210.0963USDT","FILLED","Price Unavailable"
"2021-02-10 14:20:44","1422869846","BNBUSDT","Limit-Maker","SELL","133.9","1.617BNB","2021-02-10 14:22:59","0BNB","0","0USDT","EXPIRED","Price Unavailable"
"2021-02-10 14:20:44","1422869845","BNBUSDT","Stop-Limit","SELL","129.9","1.617BNB","2021-02-10 14:22:59","1.617BNB","130","210.21USDT","FILLED","Price Unavailable"
"2021-02-10 14:19:21","1422857093","BNBUSDT","Limit","BUY","131.4","1.618BNB","2021-02-10 14:19:22","1.618BNB","131.4","212.6052USDT","FILLED","Price Unavailable"
"2021-02-10 14:15:58","1422823088","BNBUSDT","Stop-Limit","SELL","131.168","1.617BNB","2021-02-10 14:18:21","1.617BNB","131.168","212.098656USDT","FILLED","Price Unavailable"
"2021-02-10 14:15:58","1422823089","BNBUSDT","Limit-Maker","SELL","133.799","1.617BNB","2021-02-10 14:18:21","0BNB","0","0USDT","EXPIRED","Price Unavailable"
"2021-02-10 14:13:23","1422796398","BNBUSDT","Limit","BUY","132.5","1.618BNB","2021-02-10 14:14:09","1.618BNB","132.5","214.385USDT","FILLED","Price Unavailable"
"2021-02-10 14:09:42","1422752838","BNBUSDT","Limit-Maker","SELL","131.9099","1.628BNB","2021-02-10 14:10:07","1.628BNB","131.9099","214.7493172USDT","FILLED","Price Unavailable"
"2021-02-10 14:09:42","1422752837","BNBUSDT","Stop-Limit","SELL","129.25","1.628BNB","2021-02-10 14:10:07","0BNB","0","0USDT","EXPIRED","Price Unavailable"
"2021-02-10 14:08:44","1422742652","BNBUSDT","Limit-Maker","SELL","131.91","1.628BNB","2021-02-10 14:09:38","0BNB","0","0USDT","CANCELED","Price Unavailable"
"2021-02-10 14:08:44","1422742651","BNBUSDT","Stop-Limit","SELL","129.25","1.628BNB","2021-02-10 14:09:38","0BNB","0","0USDT","CANCELED","Price Unavailable"
"2021-02-10 14:06:48","1422728641","BNBUSDT","Limit","BUY","130.9979","1.629BNB","2021-02-10 14:06:48","1.629BNB","130.5909","212.7325761USDT","FILLED","Price Unavailable"
"2021-02-10 02:41:44","1414842797","BNBUSDT","Limit-Maker","SELL","114.8999","0.932BNB","2021-02-10 02:46:59","0.932BNB","114.8999","107.0867068USDT","FILLED","Price Unavailable"
"2021-02-10 02:41:44","1414842796","BNBUSDT","Stop-Limit","SELL","112.95","0.932BNB","2021-02-10 02:46:59","0BNB","0","0USDT","EXPIRED","Price Unavailable"
"2021-02-10 02:39:53","1414830540","BNBUSDT","Limit","BUY","114","0.933BNB","2021-02-10 02:40:01","0.933BNB","114","106.362USDT","FILLED","Price Unavailable"
"2021-02-10 02:00:26","1414543810","BNBUSDT","Stop-Limit","SELL","110.9001","1.89BNB","2021-02-10 02:06:51","0BNB","0","0USDT","EXPIRED","Price Unavailable"
"2021-02-10 02:00:26","1414543811","BNBUSDT","Limit-Maker","SELL","112.7","1.89BNB","2021-02-10 02:06:51","1.89BNB","112.7","213.003USDT","FILLED","Price Unavailable"
"2021-02-10 01:51:01","1414471237","BNBUSDT","Stop-Limit","SELL","110.99","1.89BNB","2021-02-10 02:00:11","0BNB","0","0USDT","CANCELED","Price Unavailable"
"2021-02-10 01:51:01","1414471238","BNBUSDT","Limit-Maker","SELL","112.9","1.89BNB","2021-02-10 02:00:11","0BNB","0","0USDT","CANCELED","Price Unavailable"
"2021-02-10 01:49:47","1414460181","BNBUSDT","Limit","SELL","112.9","1.89BNB","2021-02-10 01:50:53","0BNB","0","0USDT","CANCELED","Price Unavailable"
"2021-02-10 01:48:41","1414447398","BNBUSDT","Limit","BUY","112.2758","1.891BNB","2021-02-10 01:48:57","1.891BNB","112.2758","212.3135378USDT","FILLED","Price Unavailable"
"2021-02-10 01:40:04","248253881","DOGEUSDT","Market","SELL","0","3021DOGE","2021-02-10 01:40:04","3021DOGE","0.07034808","212.5215583USDT","FILLED","Price Unavailable"
"2021-02-10 01:37:09","248241600","DOGEUSDT","Limit","SELL","0.07075","3021DOGE","2021-02-10 01:40:01","0DOGE","0","0USDT","CANCELED","Price Unavailable"
"2021-02-10 01:34:36","248230993","DOGEUSDT","Limit","BUY","0.0704","3024DOGE","2021-02-10 01:36:47","3024DOGE","0.0704","212.8896USDT","FILLED","Price Unavailable"
"2021-02-10 01:12:46","1640869336","XRPUSDT","Limit","BUY","0.478","445.4XRP","2021-02-10 01:15:20","0XRP","0","0USDT","CANCELED","Price Unavailable"
"2021-02-10 01:10:30","1640854380","XRPUSDT","Limit","BUY","0.476","447.3XRP","2021-02-10 01:12:16","0XRP","0","0USDT","CANCELED","Price Unavailable"
"2021-02-10 01:06:48","1640832231","XRPUSDT","Limit","BUY","0.476","447.3XRP","2021-02-10 01:07:16","0XRP","0","0USDT","CANCELED","Price Unavailable"
"2021-02-10 00:55:23","248042444","DOGEUSDT","Stop-Limit","SELL","0.0714","2960DOGE","2021-02-10 00:56:05","0DOGE","0","0USDT","EXPIRED","Price Unavailable"
"2021-02-10 00:55:23","248042445","DOGEUSDT","Limit-Maker","SELL","0.07199","2960DOGE","2021-02-10 00:56:05","2960DOGE","0.07199","213.0904USDT","FILLED","Price Unavailable"
"2021-02-10 00:54:59","248041104","DOGEUSDT","Stop-Limit","SELL","0.0714","2960DOGE","2021-02-10 00:55:13","0DOGE","0","0USDT","CANCELED","Price Unavailable"
"2021-02-10 00:54:59","248041105","DOGEUSDT","Limit-Maker","SELL","0.0719","2960DOGE","2021-02-10 00:55:13","0DOGE","0","0USDT","CANCELED","Price Unavailable"
"2021-02-10 00:39:38","247977209","DOGEUSDT","Limit-Maker","SELL","0.07199","2960DOGE","2021-02-10 00:54:55","0DOGE","0","0USDT","CANCELED","Price Unavailable"
"2021-02-10 00:39:38","247977208","DOGEUSDT","Stop-Limit","SELL","0.0709","2960DOGE","2021-02-10 00:54:55","0DOGE","0","0USDT","CANCELED","Price Unavailable"
"2021-02-10 00:37:42","247967515","DOGEUSDT","Limit","BUY","0.0713","2963DOGE","2021-02-10 00:37:54","2963DOGE","0.0713","211.2619USDT","FILLED","Price Unavailable"
"2021-02-10 00:36:34","247963232","DOGEUSDT","Limit","BUY","0.0712","2967DOGE","2021-02-10 00:37:37","0DOGE","0","0USDT","CANCELED","Price Unavailable"
"2021-02-10 00:35:55","247960583","DOGEUSDT","Limit","BUY","0.07111","2971DOGE","2021-02-10 00:36:29","0DOGE","0","0USDT","CANCELED","Price Unavailable"
"2021-02-10 00:35:34","247957717","DOGEUSDT","Limit","BUY","0.071","2976DOGE","2021-02-10 00:35:50","0DOGE","0","0USDT","CANCELED","Price Unavailable"
"2021-02-10 00:15:51","1640534131","XRPUSDT","Limit","BUY","0.473","446.7XRP","2021-02-10 00:18:24","0XRP","0","0USDT","CANCELED","Price Unavailable"
"2021-02-10 00:15:03","1640529924","XRPUSDT","Limit","BUY","0.4725","447.2XRP","2021-02-10 00:15:46","0XRP","0","0USDT","CANCELED","Price Unavailable"
"2021-02-10 00:14:24","1640527017","XRPUSDT","Limit","BUY","0.472","447.7XRP","2021-02-10 00:14:59","0XRP","0","0USDT","CANCELED","Price Unavailable"
"2021-02-10 00:13:31","1640523372","XRPUSDT","Limit","BUY","0.47116","448.5XRP","2021-02-10 00:14:13","0XRP","0","0USDT","CANCELED","Price Unavailable"
"2021-02-09 23:38:20","1456548993","LINKUSDT","Limit","BUY","27.6816","7.63LINK","2021-02-09 23:43:38","0LINK","0","0USDT","CANCELED","Price Unavailable"
"2021-02-09 23:37:34","1456545434","LINKUSDT","Limit","BUY","27.61","7.65LINK","2021-02-09 23:38:08","0LINK","0","0USDT","CANCELED","Price Unavailable"
"2021-02-09 23:28:31","2957438181","ETHUSDT","Stop-Limit","SELL","1764","0.11991ETH","2021-02-09 23:29:01","0.11991ETH","1764","211.52124USDT","FILLED","Price Unavailable"
"2021-02-09 23:10:09","2957324707","ETHUSDT","Limit-Maker","SELL","1779","0.11991ETH","2021-02-09 23:27:18","0ETH","0","0USDT","CANCELED","Price Unavailable"
"2021-02-09 23:10:09","2957324706","ETHUSDT","Stop-Limit","SELL","1739.43","0.11991ETH","2021-02-09 23:27:18","0ETH","0","0USDT","CANCELED","Price Unavailable"
"2021-02-09 23:07:03","2957307584","ETHUSDT","Limit","BUY","1757","0.12004ETH","2021-02-09 23:07:17","0.12004ETH","1757","210.91028USDT","FILLED","Price Unavailable"
"2021-02-09 22:50:58","112998459","NANOUSDT","Stop-Limit","SELL","4.58","46.09NANO","2021-02-09 23:04:02","46.09NANO","4.58","211.0922USDT","FILLED","Price Unavailable"
"2021-02-09 22:50:58","112998460","NANOUSDT","Limit-Maker","SELL","4.6799","46.09NANO","2021-02-09 23:04:02","0NANO","0","0USDT","EXPIRED","Price Unavailable"
"2021-02-09 22:48:34","112996832","NANOUSDT","Limit","BUY","4.6301","46.14NANO","2021-02-09 22:49:01","46.14NANO","4.6301","213.632814USDT","FILLED","Price Unavailable"
"2021-02-09 14:10:35","1408883611","BNBUSDT","Limit-Maker","SELL","98.4","2.173BNB","2021-02-09 14:33:12","2.173BNB","98.4","213.8232USDT","FILLED","Price Unavailable"
"2021-02-09 14:10:35","1408883610","BNBUSDT","Stop-Limit","SELL","95.75","2.173BNB","2021-02-09 14:33:12","0BNB","0","0USDT","EXPIRED","Price Unavailable"
"2021-02-09 14:04:32","1408833099","BNBUSDT","Limit","BUY","97","2.175BNB","2021-02-09 14:08:55","2.175BNB","97","210.975USDT","FILLED","Price Unavailable"
"2021-02-09 00:57:19","240767946","DOGEUSDT","Limit","SELL","0.0801","2622DOGE","2021-02-09 01:00:07","2622DOGE","0.0801","210.0222USDT","FILLED","Price Unavailable"
"2021-02-09 00:56:12","240762080","DOGEUSDT","Limit","BUY","0.0798","2625DOGE","2021-02-09 00:56:12","2625DOGE","0.0797528","209.3511USDT","FILLED","Price Unavailable"
"2021-02-08 23:29:52","1403346051","BNBUSDT","Limit","SELL","78.4899","2.685BNB","2021-02-08 23:31:42","2.685BNB","78.4899","210.7453815USDT","FILLED","Price Unavailable"
"2021-02-08 23:21:49","1403314014","BNBUSDT","Limit","SELL","78.49","2.685BNB","2021-02-08 23:26:37","0BNB","0","0USDT","CANCELED","Price Unavailable"
"2021-02-08 23:20:42","1403309919","BNBUSDT","Limit","BUY","78.1","2.687BNB","2021-02-08 23:21:06","2.687BNB","78.1","209.8547USDT","FILLED","Price Unavailable"
"2021-02-08 23:15:54","2944221442","ETHUSDT","Limit","BUY","1717","0.12223ETH","2021-02-08 23:16:14","0ETH","0","0USDT","CANCELED","Price Unavailable"
"2021-02-08 23:12:32","2944189641","ETHUSDT","Limit","SELL","1715","0.12242ETH","2021-02-08 23:14:40","0.12242ETH","1715","209.9503USDT","FILLED","Price Unavailable"
"2021-02-08 23:11:44","2944183778","ETHUSDT","Limit","BUY","1707","0.12242ETH","2021-02-08 23:11:51","0.12242ETH","1707","208.97094USDT","FILLED","Price Unavailable"
"2021-02-08 22:29:36","1403112114","BNBUSDT","Limit","BUY","77.1943","2.708BNB","2021-02-08 22:30:06","0BNB","0","0USDT","CANCELED","Price Unavailable"
"2021-02-08 16:40:45","4716038013","BTCUSDT","Limit-Maker","SELL","43999.99","0.004757BTC","2021-02-08 20:48:25","0.004757BTC","43999.99","209.30795243USDT","FILLED","Price Unavailable"
"2021-02-08 16:40:45","4716038012","BTCUSDT","Stop-Limit","SELL","42500","0.004757BTC","2021-02-08 20:48:25","0BTC","0","0USDT","EXPIRED","Price Unavailable"
"2021-02-08 16:36:42","4715976351","BTCUSDT","Limit","BUY","43250","0.004762BTC","2021-02-08 16:38:36","0.004762BTC","43250","205.9565USDT","FILLED","Price Unavailable"
"2021-02-08 16:35:25","4715955888","BTCUSDT","Limit","BUY","43100","0.004756BTC","2021-02-08 16:36:22","0BTC","0","0USDT","CANCELED","Price Unavailable"
"2021-02-08 16:27:14","4715794848","BTCUSDT","Limit-Maker","SELL","43978.5","0.004787BTC","2021-02-08 16:32:45","0BTC","0","0USDT","EXPIRED","Price Unavailable"
"2021-02-08 16:27:14","4715794847","BTCUSDT","Stop-Limit","SELL","43000","0.004787BTC","2021-02-08 16:32:45","0.004787BTC","43063","206.142581USDT","FILLED","Price Unavailable"
"2021-02-08 16:23:06","4715715719","BTCUSDT","Limit","BUY","43500","0.004792BTC","2021-02-08 16:25:03","0.004792BTC","43500","208.452USDT","FILLED","Price Unavailable"
"2021-02-08 16:13:02","4715530145","BTCUSDT","Stop-Limit","SELL","43999","0.004742BTC","2021-02-08 16:17:16","0.004742BTC","44000","208.648USDT","FILLED","Price Unavailable"
"2021-02-08 16:13:02","4715530146","BTCUSDT","Limit-Maker","SELL","44594.68","0.004742BTC","2021-02-08 16:17:16","0BTC","0","0USDT","EXPIRED","Price Unavailable"
"2021-02-08 16:10:18","4715481628","BTCUSDT","Limit","BUY","44109.47","0.004747BTC","2021-02-08 16:10:57","0.004747BTC","44109.47","209.38765409USDT","FILLED","Price Unavailable"
"2021-02-08 15:51:08","4715102696","BTCUSDT","Limit-Maker","SELL","44180.19","0.004744BTC","2021-02-08 16:04:04","0.004744BTC","44180.19","209.59082136USDT","FILLED","Price Unavailable"
"2021-02-08 15:51:08","4715102695","BTCUSDT","Stop-Limit","SELL","42999","0.004744BTC","2021-02-08 16:04:04","0BTC","0","0USDT","EXPIRED","Price Unavailable"
"2021-02-08 15:49:06","4715069532","BTCUSDT","Limit","SELL","44180.19","0.004744BTC","2021-02-08 15:50:32","0BTC","0","0USDT","CANCELED","Price Unavailable"
"2021-02-08 15:05:21","4714322315","BTCUSDT","Stop-Limit","SELL","44100","0.004744BTC","2021-02-08 15:05:36","0BTC","0","0USDT","CANCELED","Price Unavailable"
"2021-02-08 15:03:33","4714290765","BTCUSDT","Market","BUY","0","0.004749BTC","2021-02-08 15:03:33","0.004749BTC","43699.5","207.5289255USDT","FILLED","Price Unavailable"
"2021-02-08 04:29:38","232940668","DOGEUSDT","Limit","SELL","0.0718","2893DOGE","2021-02-08 04:38:46","2893DOGE","0.0718","207.7174USDT","FILLED","Price Unavailable"
"2021-02-08 04:28:13","232930700","DOGEUSDT","Limit","SELL","0.072","2893DOGE","2021-02-08 04:29:29","0DOGE","0","0USDT","CANCELED","Price Unavailable"
"2021-02-08 04:27:40","232924546","DOGEUSDT","Limit","BUY","0.071","2896DOGE","2021-02-08 04:27:40","2896DOGE","0.07099983","205.6155005USDT","FILLED","Price Unavailable"
"2021-02-08 02:07:58","2932548715","ETHUSDT","Stop-Limit","SELL","1616","0.12737ETH","2021-02-08 04:17:00","0.12737ETH","1616.38","205.8783206USDT","FILLED","Price Unavailable"
"2021-02-08 00:57:19","2931814962","ETHUSDT","Limit","BUY","1601","0.1275ETH","2021-02-08 00:57:45","0.1275ETH","1601","204.1275USDT","FILLED","Price Unavailable"
"2021-02-08 00:55:36","1396487335","BNBUSDT","Limit","SELL","68.819","2.969BNB","2021-02-08 00:55:43","2.969BNB","68.819","204.323611USDT","FILLED","Price Unavailable"
"2021-02-08 00:45:51","1396453082","BNBUSDT","Limit","BUY","69.0091","2.971BNB","2021-02-08 00:46:27","2.971BNB","69.0091","205.0260361USDT","FILLED","Price Unavailable"
"2021-02-08 00:44:53","1396447513","BNBUSDT","Limit","SELL","69","2.972BNB","2021-02-08 00:44:53","2.972BNB","69","205.068USDT","FILLED","Price Unavailable"
"2021-02-08 00:39:54","1396427442","BNBUSDT","Limit","BUY","68.9876","2.974BNB","2021-02-08 00:39:54","2.974BNB","68.9288","204.9942512USDT","FILLED","Price Unavailable"
"2021-02-08 00:39:11","1396424397","BNBUSDT","Limit","BUY","68.8252","2.981BNB","2021-02-08 00:39:48","0BNB","0","0USDT","CANCELED","Price Unavailable"
"2021-02-08 00:34:05","1396405807","BNBUSDT","Limit","BUY","68.8","2.982BNB","2021-02-08 00:38:07","0BNB","0","0USDT","CANCELED","Price Unavailable"
"2021-02-08 00:27:53","1396377728","BNBUSDT","Limit","SELL","69","2.945BNB","2021-02-08 00:27:53","2.945BNB","69.0058","203.222081USDT","FILLED","Price Unavailable"
"2021-02-08 00:08:02","28433289","EGLDBNB","Stop-Limit","SELL","2.06","1.43EGLD","2021-02-08 00:08:51","1.43EGLD","2.06","2.9458BNB","FILLED","Price Unavailable"
"2021-02-08 00:06:44","28432446","EGLDBNB","Stop-Limit","SELL","2.065","1.43EGLD","2021-02-08 00:07:15","0EGLD","0","0BNB","CANCELED","Price Unavailable"
"2021-02-08 00:05:57","28431840","EGLDBNB","Stop-Limit","SELL","2.05","1.43EGLD","2021-02-08 00:06:39","0EGLD","0","0BNB","CANCELED","Price Unavailable"
"2021-02-08 00:03:45","28430208","EGLDBNB","Limit","BUY","2.02","1.43EGLD","2021-02-08 00:04:55","1.43EGLD","2.02","2.8886BNB","FILLED","Price Unavailable"
"2021-02-07 23:53:52","28423750","EGLDBNB","Limit","BUY","2.0363","1.42EGLD","2021-02-07 23:56:42","0EGLD","0","0BNB","CANCELED","Price Unavailable"
"2021-02-07 23:47:33","28420661","EGLDBNB","Limit","BUY","2","1.44EGLD","2021-02-07 23:53:06","0EGLD","0","0BNB","CANCELED","Price Unavailable"
"2021-02-07 23:19:53","28585524","LUNABNB","Limit","SELL","0.04607","62.8LUNA","2021-02-07 23:20:12","62.8LUNA","0.04607","2.893196BNB","FILLED","Price Unavailable"
"2021-02-07 23:12:33","28583987","LUNABNB","Limit","SELL","0.046","62.8LUNA","2021-02-07 23:18:13","0LUNA","0","0BNB","CANCELED","Price Unavailable"
"2021-02-07 23:10:16","28583268","LUNABNB","Limit","BUY","0.04576","62.8LUNA","2021-02-07 23:11:51","62.8LUNA","0.04576","2.873728BNB","FILLED","Price Unavailable"
"2021-02-07 22:53:36","56754433","ATOMBNB","Stop-Limit","SELL","0.1975","14.58ATOM","2021-02-07 23:04:36","14.58ATOM","0.1975","2.87955BNB","FILLED","Price Unavailable"
"2021-02-07 22:43:57","56753514","ATOMBNB","Limit","SELL","0.1998","14.58ATOM","2021-02-07 22:44:25","0ATOM","0","0BNB","CANCELED","Price Unavailable"
"2021-02-07 22:37:51","56753045","ATOMBNB","Market","BUY","0","14.6ATOM","2021-02-07 22:37:51","14.6ATOM","0.1972","2.87912BNB","FILLED","Price Unavailable"
"2021-02-07 01:01:31","1390395232","BNBUSDT","Limit","SELL","74.24","2.879BNB","2021-02-07 22:37:38","0BNB","0","0USDT","CANCELED","Price Unavailable"
"2021-02-07 00:38:35","1390288547","BNBUSDT","Stop-Limit","SELL","71.96","2.879BNB","2021-02-07 00:40:49","0BNB","0","0USDT","CANCELED","Price Unavailable"
"2021-02-07 00:38:35","1390288548","BNBUSDT","Limit-Maker","SELL","74.2","2.879BNB","2021-02-07 00:40:49","0BNB","0","0USDT","CANCELED","Price Unavailable"
"2021-02-07 00:35:11","1390266828","BNBUSDT","Market","BUY","0","2.881BNB","2021-02-07 00:35:11","2.881BNB","73.2979","211.1712499USDT","FILLED","Price Unavailable"
"2021-02-06 19:04:14","1389097498","BNBUSDT","Stop-Limit","SELL","69.95","3.052BNB","2021-02-06 19:13:24","3.052BNB","69.95","213.4874USDT","FILLED","Price Unavailable"
"2021-02-06 19:01:25","1389085973","BNBUSDT","Limit","BUY","71.001","3.055BNB","2021-02-06 19:01:32","3.055BNB","71.001","216.908055USDT","FILLED","Price Unavailable"
"2021-02-06 18:56:14","1389068268","BNBUSDT","Limit","BUY","70.801","3.064BNB","2021-02-06 19:01:19","0BNB","0","0USDT","CANCELED","Price Unavailable"
"2021-02-06 18:45:33","5293694","LITUSDT","Limit-Maker","SELL","8.198","28.57LIT","2021-02-06 18:48:44","0LIT","0","0USDT","EXPIRED","Price Unavailable"
"2021-02-06 18:45:33","5293693","LITUSDT","Stop-Limit","SELL","7.59","28.57LIT","2021-02-06 18:48:44","28.57LIT","7.6","217.132USDT","FILLED","Price Unavailable"
"2021-02-06 18:12:15","5213552","LITUSDT","Limit","SELL","8.198","28.57LIT","2021-02-06 18:17:29","0LIT","0","0USDT","CANCELED","Price Unavailable"
"2021-02-06 18:10:42","5210952","LITUSDT","Limit","BUY","8.001","28.6LIT","2021-02-06 18:10:57","28.6LIT","8.001","228.8286USDT","FILLED","Price Unavailable"
"2021-02-06 17:46:19","5157070","LITUSDT","Limit-Maker","SELL","8.49","27.62LIT","2021-02-06 17:52:35","0LIT","0","0USDT","EXPIRED","Price Unavailable"
"2021-02-06 17:46:19","5157069","LITUSDT","Stop-Limit","SELL","8.2","27.62LIT","2021-02-06 17:52:35","27.62LIT","8.2252","227.180024USDT","FILLED","Price Unavailable"
"2021-02-06 17:43:24","5148542","LITUSDT","Limit","SELL","8.49","27.62LIT","2021-02-06 17:45:07","0LIT","0","0USDT","CANCELED","Price Unavailable"
"2021-02-06 17:41:07","5141407","LITUSDT","Market","BUY","0","27.65LIT","2021-02-06 17:41:07","27.65LIT","8.3234","230.14201USDT","FILLED","Price Unavailable"
"2021-02-06 17:40:31","5139698","LITUSDT","Limit","BUY","8.3","27.95LIT","2021-02-06 17:40:58","0LIT","0","0USDT","CANCELED","Price Unavailable"
"2021-02-06 17:31:28","1388705485","BNBUSDT","Stop-Limit","BUY","73.51","3.156BNB","2021-02-06 17:39:43","0BNB","0","0USDT","CANCELED","Price Unavailable"
"2021-02-05 21:50:18","1382257984","BNBUSDT","Limit-Maker","SELL","80","2.719BNB","2021-02-06 01:32:28","0BNB","0","0USDT","EXPIRED","Price Unavailable"
"2021-02-05 21:50:18","1382257983","BNBUSDT","Stop-Limit","SELL","63.9999","2.719BNB","2021-02-06 01:32:28","2.719BNB","64","174.016USDT","FILLED","Price Unavailable"
"2021-02-05 21:49:48","1382254916","BNBUSDT","Market","BUY","0","2.721BNB","2021-02-05 21:49:48","2.721BNB","65.7186","178.8203106USDT","FILLED","Price Unavailable"
"2021-02-05 21:24:49","1382134995","BNBUSDT","Stop-Limit","SELL","62.9999","0.924BNB","2021-02-06 01:39:11","0.924BNB","63","58.212USDT","FILLED","Price Unavailable"
"2021-02-05 21:23:13","1382128850","BNBUSDT","Market","BUY","0","0.925BNB","2021-02-05 21:23:13","0.925BNB","64.3965","59.5667625USDT","FILLED","Price Unavailable"
"2021-02-05 13:15:56","1380184907","BNBUSDT","Stop-Limit","SELL","57.9998","3.728BNB","2021-02-05 20:25:08","0BNB","0","0USDT","EXPIRED","Price Unavailable"
"2021-02-05 13:15:56","1380184908","BNBUSDT","Limit-Maker","SELL","63.9997","3.728BNB","2021-02-05 20:25:08","3.728BNB","63.9997","238.5908816USDT","FILLED","Price Unavailable"
"2021-02-05 03:53:17","1378487813","BNBUSDT","Limit-Maker","SELL","63.9997","3.728BNB","2021-02-05 13:15:37","0BNB","0","0USDT","CANCELED","Price Unavailable"
"2021-02-05 03:53:17","1378487812","BNBUSDT","Stop-Limit","SELL","55.9999","3.728BNB","2021-02-05 13:15:37","0BNB","0","0USDT","CANCELED","Price Unavailable"
"2021-02-05 03:50:16","1378479601","BNBUSDT","Market","BUY","0","3.731BNB","2021-02-05 03:50:16","3.731BNB","56.5084","210.8328404USDT","FILLED","Price Unavailable"
"2021-02-05 03:42:45","1378458283","BNBUSDT","Stop-Limit","SELL","56.3998","3.742BNB","2021-02-05 03:45:43","3.742BNB","56.4","211.0488USDT","FILLED","Price Unavailable"
"2021-02-05 03:42:45","1378458284","BNBUSDT","Limit-Maker","SELL","63.9999","3.742BNB","2021-02-05 03:45:43","0BNB","0","0USDT","EXPIRED","Price Unavailable"
"2021-02-05 03:40:14","1378452784","BNBUSDT","Market","BUY","0","3.745BNB","2021-02-05 03:40:14","3.745BNB","56.5612","211.821694USDT","FILLED","Price Unavailable"
"2021-02-05 03:21:22","1378415851","BNBUSDT","Stop-Limit","BUY","56.5","3.749BNB","2021-02-05 03:40:02","0BNB","0","0USDT","CANCELED","Price Unavailable"
"2021-02-05 03:17:57","1378408036","BNBUSDT","Limit","SELL","56.49","3.754BNB","2021-02-05 03:18:00","3.754BNB","56.49","212.06346USDT","FILLED","Price Unavailable"
"2021-02-05 03:17:08","1378406270","BNBUSDT","Limit","SELL","56.4978","3.754BNB","2021-02-05 03:17:36","0BNB","0","0USDT","CANCELED","Price Unavailable"
"2021-02-05 03:16:37","1378404572","BNBUSDT","Limit","BUY","56.5002","3.756BNB","2021-02-05 03:16:37","3.756BNB","56.5","212.214USDT","FILLED","Price Unavailable"
"2021-02-05 03:14:57","1378400447","BNBUSDT","Stop-Limit","SELL","56.35","1.88BNB","2021-02-05 03:14:59","0BNB","0","0USDT","EXPIRED","Price Unavailable"
"2021-02-05 03:14:57","1378400448","BNBUSDT","Limit-Maker","SELL","56.4999","1.88BNB","2021-02-05 03:14:59","1.88BNB","56.4999","106.219812USDT","FILLED","Price Unavailable"
"2021-02-05 03:11:59","1378390909","BNBUSDT","Limit","BUY","56.3528","1.881BNB","2021-02-05 03:11:59","1.881BNB","56.3528","105.9996168USDT","FILLED","Price Unavailable"
"2021-02-04 23:41:20","1602935181","XRPUSDT","Stop-Limit","SELL","0.452","259.1XRP","2021-02-04 23:43:49","259.1XRP","0.45203121","117.121286USDT","FILLED","Price Unavailable"
"2021-02-04 23:41:20","1602935182","XRPUSDT","Limit-Maker","SELL","0.457","259.1XRP","2021-02-04 23:43:49","0XRP","0","0USDT","EXPIRED","Price Unavailable"
"2021-02-04 23:37:23","1602903248","XRPUSDT","Limit","BUY","0.459","209.4XRP","2021-02-04 23:38:31","209.4XRP","0.459","96.1146USDT","FILLED","Price Unavailable"
"2021-02-04 17:27:22","1599254021","XRPUSDT","Limit","BUY","0.423","50XRP","2021-02-04 17:29:35","0XRP","0","0USDT","CANCELED","Price Unavailable"
"2021-02-04 15:21:04","203318742","DOGEUSDT","Limit-Maker","SELL","0.055","1000DOGE","2021-02-04 15:22:31","0DOGE","0","0USDT","EXPIRED","Price Unavailable"
"2021-02-04 15:21:04","203318741","DOGEUSDT","Stop-Limit","SELL","0.0459999","1000DOGE","2021-02-04 15:22:31","1000DOGE","0.046","46USDT","FILLED","Price Unavailable"
"2021-02-04 14:55:56","203162075","DOGEUSDT","Limit","SELL","0.055","1000DOGE","2021-02-04 15:20:20","0DOGE","0","0USDT","CANCELED","Price Unavailable"
"2021-02-04 05:34:40","1373650577","BNBUSDT","Limit","SELL","53.41","2.722BNB","2021-02-04 08:24:28","2.722BNB","53.41","145.38202USDT","FILLED","Price Unavailable"
"2021-02-04 05:18:01","1373604413","BNBUSDT","Limit","BUY","52.92","2.724BNB","2021-02-04 05:20:12","2.724BNB","52.92","144.15408USDT","FILLED","Price Unavailable"
"2021-02-04 05:16:17","1373598603","BNBUSDT","Limit","BUY","52.9001","2.721BNB","2021-02-04 05:17:48","0BNB","0","0USDT","CANCELED","Price Unavailable"
"2021-02-04 05:06:43","109862516","NANOUSDT","Stop-Limit","SELL","3.5899","40.11NANO","2021-02-04 05:12:03","40.11NANO","3.5899","143.990889USDT","FILLED","Price Unavailable"
"2021-02-04 05:06:43","109862517","NANOUSDT","Limit-Maker","SELL","3.6385","40.11NANO","2021-02-04 05:12:03","0NANO","0","0USDT","EXPIRED","Price Unavailable"
"2021-02-04 05:01:24","109861620","NANOUSDT","Limit-Maker","SELL","3.62","40.11NANO","2021-02-04 05:02:56","0NANO","0","0USDT","CANCELED","Price Unavailable"
"2021-02-04 05:01:24","109861619","NANOUSDT","Stop-Limit","SELL","3.59","40.11NANO","2021-02-04 05:02:56","0NANO","0","0USDT","CANCELED","Price Unavailable"
"2021-02-04 04:55:20","109860350","NANOUSDT","Limit-Maker","SELL","3.84","40.11NANO","2021-02-04 05:00:41","0NANO","0","0USDT","CANCELED","Price Unavailable"
"2021-02-04 04:55:20","109860349","NANOUSDT","Stop-Limit","SELL","3.57","40.11NANO","2021-02-04 05:00:41","0NANO","0","0USDT","CANCELED","Price Unavailable"
"2021-02-04 04:46:24","109857412","NANOUSDT","Limit","BUY","3.59","20.11NANO","2021-02-04 04:46:24","20.11NANO","3.5818","72.029998USDT","FILLED","Price Unavailable"
"2021-02-04 04:31:30","2878622668","ETHUSDT","Limit","SELL","1660","0.04007ETH","2021-02-04 04:31:47","0.04007ETH","1660","66.5162USDT","FILLED","Price Unavailable"
"2021-02-03 04:18:20","191791844","DOGEUSDT","Market","BUY","0","1000DOGE","2021-02-03 04:18:20","1000DOGE","0.0332134","33.2134USDT","FILLED","Price Unavailable"
"2021-02-03 04:17:39","109389253","NANOUSDT","Market","SELL","0","7.6NANO","2021-02-03 04:17:39","7.6NANO","3.568","27.1168USDT","FILLED","Price Unavailable"
"2021-02-03 04:17:10","1588293467","XRPUSDT","Market","SELL","0","30.9XRP","2021-02-03 04:17:10","30.9XRP","0.38143","11.786187USDT","FILLED","Price Unavailable"
"2021-02-02 15:27:19","109113032","NANOUSDT","Market","BUY","0","7.62NANO","2021-02-02 15:27:19","7.62NANO","3.5301","26.899362USDT","FILLED","Price Unavailable"
"2021-02-02 15:26:43","435976513","BANDUSDT","Market","SELL","0","2.39BAND","2021-02-02 15:26:43","2.39BAND","11.2799","26.958961USDT","FILLED","Price Unavailable"
"2021-02-02 04:37:01","258297963","BANDBTC","Market","BUY","0","0.4BAND","2021-02-02 04:37:01","0.4BAND","0.000359","0.0001436BTC","FILLED","Price Unavailable"
"2021-02-02 04:36:16","539606797","XRPBTC","Market","SELL","0","13XRP","2021-02-02 04:36:16","13XRP","0.00001126","0.00014638BTC","FILLED","Price Unavailable"
"2021-02-02 02:40:55","539359060","XRPBTC","Market","BUY","0","94XRP","2021-02-02 02:40:55","94XRP","0.00001078","0.00101332BTC","FILLED","Price Unavailable"
"2021-02-02 02:38:10","135837524","NANOBTC","Market","BUY","0","10.01NANO","2021-02-02 02:38:10","10.01NANO","0.00010454","0.00104647BTC","FILLED","Price Unavailable"
"2021-02-02 02:22:14","258125013","BANDBTC","Market","BUY","0","2BAND","2021-02-02 02:22:14","2BAND","0.00037261","0.00074522BTC","FILLED","Price Unavailable"
"2021-02-02 02:16:44","135835410","NANOBTC","Market","BUY","0","10NANO","2021-02-02 02:16:44","10NANO","0.0001043","0.001043BTC","FILLED","Price Unavailable"